ID,Chloramphenicol,Chloramphenicol:colour,Erythromycin,Erythromycin:colour,Tetracycline,Tetracycline:colour
12291_5#17,neg,#4dbc6b,no,#4dbc6b,neg,#4dbc6b
19084_8#1,cat1,#ff2722,yes,#ff2722,tetM1,#ff2722
19084_7#182,neg,#4dbc6b,no,#4dbc6b,neg,#4dbc6b
19084_7#173,neg,#4dbc6b,no,#4dbc6b,neg,#4dbc6b
19084_7#162,neg,#4dbc6b,no,#4dbc6b,neg,#4dbc6b
19084_7#135,neg,#4dbc6b,no,#4dbc6b,neg,#4dbc6b
12291_4#12,neg,#4dbc6b,no,#4dbc6b,neg,#4dbc6b
12291_3#13,neg,#4dbc6b,no,#4dbc6b,neg,#4dbc6b
12291_1#77,neg,#4dbc6b,no,#4dbc6b,neg,#4dbc6b
11658_2#39,neg,#4dbc6b,no,#4dbc6b,neg,#4dbc6b
11511_8#74,neg,#4dbc6b,no,#4dbc6b,neg,#4dbc6b
11511_8#71,neg,#4dbc6b,no,#4dbc6b,neg,#4dbc6b
11822_1#58,neg,#4dbc6b,yes,#ff2722,tetM1,#ff2722
19084_8#47,neg,#4dbc6b,no,#4dbc6b,neg,#4dbc6b
19084_8#40,neg,#4dbc6b,no,#4dbc6b,neg,#4dbc6b
19084_8#39,neg,#4dbc6b,no,#4dbc6b,neg,#4dbc6b
19084_8#24,neg,#4dbc6b,no,#4dbc6b,neg,#4dbc6b
19084_8#17,neg,#4dbc6b,no,#4dbc6b,neg,#4dbc6b
19084_8#15,neg,#4dbc6b,no,#4dbc6b,neg,#4dbc6b
13154_2#31,neg,#4dbc6b,no,#4dbc6b,neg,#4dbc6b
13091_5#75,neg,#4dbc6b,no,#4dbc6b,neg,#4dbc6b
12291_3#54,neg,#4dbc6b,no,#4dbc6b,neg,#4dbc6b
12291_3#41,neg,#4dbc6b,no,#4dbc6b,neg,#4dbc6b
11657_4#87,neg,#4dbc6b,no,#4dbc6b,neg,#4dbc6b
19084_8#86,neg,#4dbc6b,no,#4dbc6b,tetM1,#ff2722
13091_6#43,neg,#4dbc6b,no,#4dbc6b,tetM1,#ff2722
19341_2#19,cat1,#ff2722,no,#4dbc6b,tetM1,#ff2722
19183_3#7,cat1,#ff2722,no,#4dbc6b,tetM1,#ff2722
17794_7#98,cat1,#ff2722,no,#4dbc6b,tetM1,#ff2722
17794_7#130,cat1,#ff2722,no,#4dbc6b,tetM1,#ff2722
17428_8#145,cat1,#ff2722,no,#4dbc6b,tetM1,#ff2722
16453_2#21,cat1,#ff2722,no,#4dbc6b,tetM1,#ff2722
15531_6#7,cat1,#ff2722,no,#4dbc6b,tetM1,#ff2722
15531_5#75,cat1,#ff2722,no,#4dbc6b,tetM1,#ff2722
15531_5#62,cat1,#ff2722,no,#4dbc6b,neg,#4dbc6b
14520_5#77,cat1,#ff2722,no,#4dbc6b,tetM1,#ff2722
14410_5#41,cat1,#ff2722,no,#4dbc6b,tetM1,#ff2722
14410_4#77,cat1,#ff2722,no,#4dbc6b,tetM1,#ff2722
15531_5#63,neg,#4dbc6b,no,#4dbc6b,neg,#4dbc6b
15608_2#32,neg,#4dbc6b,no,#4dbc6b,neg,#4dbc6b
15873_3#20,neg,#4dbc6b,no,#4dbc6b,tetM1,#ff2722
21127_2#177,neg,#4dbc6b,no,#4dbc6b,neg,#4dbc6b
14673_3#64,neg,#4dbc6b,no,#4dbc6b,neg,#4dbc6b
22667_7#176,neg,#4dbc6b,yes,#ff2722,tetM1,#ff2722
22667_7#174,neg,#4dbc6b,yes,#ff2722,tetM1,#ff2722
17175_5#31,neg,#4dbc6b,yes,#ff2722,neg,#4dbc6b
22027_1#83,neg,#4dbc6b,yes,#ff2722,neg,#4dbc6b
14673_2#39,neg,#4dbc6b,yes,#ff2722,tetM1,#ff2722
11893_8#9,neg,#4dbc6b,yes,#ff2722,tetM1,#ff2722
11826_1#60,neg,#4dbc6b,yes,#ff2722,tetM1,#ff2722
11657_1#86,neg,#4dbc6b,yes,#ff2722,tetM1,#ff2722
11511_7#29,neg,#4dbc6b,yes,#ff2722,tetM1,#ff2722
11822_1#35,neg,#4dbc6b,yes,#ff2722,tetM1,#ff2722
11511_7#51,neg,#4dbc6b,yes,#ff2722,tetM1,#ff2722
22841_1#92,neg,#4dbc6b,yes,#ff2722,tetM1,#ff2722
18090_2#164,neg,#4dbc6b,no,#4dbc6b,neg,#4dbc6b
19341_2#91,cat1,#ff2722,yes,#ff2722,tetM1,#ff2722
19341_2#152,cat1,#ff2722,yes,#ff2722,tetM1,#ff2722
18090_2#168,cat1,#ff2722,yes,#ff2722,tetM1,#ff2722
23164_8#148,cat1,#ff2722,yes,#ff2722,tetM1,#ff2722
22841_4#53,neg,#4dbc6b,yes,#ff2722,tetM1,#ff2722
22841_3#17,cat1,#ff2722,yes,#ff2722,tetM1,#ff2722
22841_3#156,cat1,#ff2722,yes,#ff2722,tetM1,#ff2722
21242_2#130,neg,#4dbc6b,yes,#ff2722,tetM1,#ff2722
21127_2#88,neg,#4dbc6b,yes,#ff2722,tetM1,#ff2722
21127_2#150,neg,#4dbc6b,yes,#ff2722,tetM1,#ff2722
21127_2#141,neg,#4dbc6b,yes,#ff2722,tetM1,#ff2722
21127_2#11,neg,#4dbc6b,yes,#ff2722,tetM1,#ff2722
19084_7#114,cat1,#ff2722,yes,#ff2722,tetM1,#ff2722
19084_7#110,cat1,#ff2722,yes,#ff2722,tetM1,#ff2722
15608_3#24,cat1,#ff2722,yes,#ff2722,tetM1,#ff2722
15608_2#55,cat1,#ff2722,yes,#ff2722,tetM1,#ff2722
15608_2#47,neg,#4dbc6b,yes,#ff2722,tetM1,#ff2722
14673_3#94,neg,#4dbc6b,yes,#ff2722,tetM1,#ff2722
14673_3#12,cat1,#ff2722,yes,#ff2722,tetM1,#ff2722
13415_7#63,neg,#4dbc6b,yes,#ff2722,tetM1,#ff2722
13414_4#16,neg,#4dbc6b,yes,#ff2722,tetM1,#ff2722
13091_6#65,cat1,#ff2722,yes,#ff2722,tetM1,#ff2722
12291_2#69,cat1,#ff2722,yes,#ff2722,tetM1,#ff2722
12291_1#69,cat1,#ff2722,yes,#ff2722,tetM1,#ff2722
11822_1#60,cat1,#ff2722,yes,#ff2722,tetM1,#ff2722
11822_1#59,cat1,#ff2722,yes,#ff2722,tetM1,#ff2722
11679_1#93,cat1,#ff2722,yes,#ff2722,tetM1,#ff2722
11658_2#38,cat1,#ff2722,yes,#ff2722,tetM1,#ff2722
11658_2#12,cat1,#ff2722,yes,#ff2722,tetM1,#ff2722
11657_4#83,cat1,#ff2722,yes,#ff2722,tetM1,#ff2722
11511_8#82,neg,#4dbc6b,yes,#ff2722,tetM1,#ff2722
11511_8#79,cat1,#ff2722,yes,#ff2722,tetM1,#ff2722
21053_8#147,cat1,#ff2722,yes,#ff2722,tetM1,#ff2722
17794_7#68,neg,#4dbc6b,yes,#ff2722,tetM1,#ff2722
14723_6#86,neg,#4dbc6b,no,#4dbc6b,neg,#4dbc6b
14723_6#69,neg,#4dbc6b,no,#4dbc6b,neg,#4dbc6b
15608_4#60,neg,#4dbc6b,yes,#ff2722,neg,#4dbc6b
15608_3#3,neg,#4dbc6b,yes,#ff2722,neg,#4dbc6b
15608_3#19,neg,#4dbc6b,no,#4dbc6b,neg,#4dbc6b
14673_4#47,neg,#4dbc6b,no,#4dbc6b,neg,#4dbc6b
14673_3#92,neg,#4dbc6b,yes,#ff2722,neg,#4dbc6b
14673_2#23,neg,#4dbc6b,no,#4dbc6b,neg,#4dbc6b
14673_1#32,neg,#4dbc6b,no,#4dbc6b,neg,#4dbc6b
11826_1#79,neg,#4dbc6b,no,#4dbc6b,neg,#4dbc6b
15531_7#20,neg,#4dbc6b,no,#4dbc6b,neg,#4dbc6b
15531_6#80,neg,#4dbc6b,no,#4dbc6b,neg,#4dbc6b
14410_7#16,neg,#4dbc6b,no,#4dbc6b,neg,#4dbc6b
13414_4#15,cat1,#ff2722,yes,#ff2722,tetM1,#ff2722
11658_2#41,neg,#4dbc6b,no,#4dbc6b,tetM1,#ff2722
11658_1#30,neg,#4dbc6b,no,#4dbc6b,neg,#4dbc6b
19084_8#155,neg,#4dbc6b,yes,#ff2722,neg,#4dbc6b
15608_2#95,neg,#4dbc6b,yes,#ff2722,neg,#4dbc6b
12291_1#50,neg,#4dbc6b,yes,#ff2722,neg,#4dbc6b
18090_2#125,cat1,#ff2722,yes,#ff2722,tetM1,#ff2722
19084_8#95,neg,#4dbc6b,yes,#ff2722,tetM1,#ff2722
19341_2#62,cat1,#ff2722,yes,#ff2722,tetM1,#ff2722
18090_2#170,neg,#4dbc6b,yes,#ff2722,tetM1,#ff2722
17059_7#50,cat1,#ff2722,yes,#ff2722,tetM1,#ff2722
14555_3#44,cat1,#ff2722,yes,#ff2722,tetM1,#ff2722
13470_1#66,cat1,#ff2722,yes,#ff2722,tetM1,#ff2722
19341_3#10,cat1,#ff2722,yes,#ff2722,tetM1,#ff2722
19341_2#89,cat1,#ff2722,yes,#ff2722,tetM1,#ff2722
19084_8#146,neg,#4dbc6b,yes,#ff2722,neg,#4dbc6b
18090_2#134,cat1,#ff2722,yes,#ff2722,tetM1,#ff2722
18090_2#124,cat1,#ff2722,yes,#ff2722,tetM1,#ff2722
11791_1#21,neg,#4dbc6b,no,#4dbc6b,neg,#4dbc6b
19341_2#79,cat1,#ff2722,yes,#ff2722,tetM1,#ff2722
19341_2#61,cat1,#ff2722,yes,#ff2722,tetM1,#ff2722
19341_2#162,neg,#4dbc6b,yes,#ff2722,tetM1,#ff2722
19341_2#156,cat1,#ff2722,yes,#ff2722,tetM1,#ff2722
18090_2#155,cat1,#ff2722,yes,#ff2722,tetM1,#ff2722
18090_2#153,cat1,#ff2722,yes,#ff2722,tetM1,#ff2722
18090_2#133,cat1,#ff2722,yes,#ff2722,tetM1,#ff2722
18090_2#128,cat1,#ff2722,yes,#ff2722,tetM1,#ff2722
18090_2#127,cat1,#ff2722,no,#4dbc6b,tetM1,#ff2722
18090_2#126,cat1,#ff2722,yes,#ff2722,tetM1,#ff2722
18090_2#166,cat1,#ff2722,yes,#ff2722,tetM1,#ff2722
16453_2#2,neg,#4dbc6b,no,#4dbc6b,neg,#4dbc6b
16399_7#69,neg,#4dbc6b,no,#4dbc6b,neg,#4dbc6b
16399_6#73,neg,#4dbc6b,no,#4dbc6b,neg,#4dbc6b
14520_7#53,neg,#4dbc6b,no,#4dbc6b,neg,#4dbc6b
14520_7#51,neg,#4dbc6b,no,#4dbc6b,neg,#4dbc6b
14520_7#25,neg,#4dbc6b,no,#4dbc6b,neg,#4dbc6b
14520_5#45,neg,#4dbc6b,no,#4dbc6b,neg,#4dbc6b
14520_4#54,neg,#4dbc6b,no,#4dbc6b,neg,#4dbc6b
14520_4#37,neg,#4dbc6b,no,#4dbc6b,neg,#4dbc6b
22841_2#183,cat1,#ff2722,yes,#ff2722,tetM1,#ff2722
22841_2#177,cat1,#ff2722,yes,#ff2722,tetM1,#ff2722
22114_6#44,cat1,#ff2722,yes,#ff2722,tetM1,#ff2722
24775_1#57,cat1,#ff2722,yes,#ff2722,tetM1,#ff2722
18090_2#181,cat1,#ff2722,yes,#ff2722,tetM1,#ff2722
18090_2#169,neg,#4dbc6b,yes,#ff2722,tetM1,#ff2722
18090_2#137,cat1,#ff2722,yes,#ff2722,tetM1,#ff2722
18090_2#130,cat1,#ff2722,yes,#ff2722,tetM1,#ff2722
18090_2#129,cat1,#ff2722,yes,#ff2722,tetM1,#ff2722
18090_2#122,cat1,#ff2722,yes,#ff2722,tetM1,#ff2722
18090_2#119,cat1,#ff2722,yes,#ff2722,tetM1,#ff2722
18090_2#118,cat1,#ff2722,yes,#ff2722,tetM1,#ff2722
24775_1#79,cat1,#ff2722,yes,#ff2722,tetM1,#ff2722
22841_3#171,neg,#4dbc6b,no,#4dbc6b,neg,#4dbc6b
13091_6#14,neg,#4dbc6b,no,#4dbc6b,tetM1,#ff2722
19084_8#68,neg,#4dbc6b,no,#4dbc6b,tetM1,#ff2722
19084_8#89,neg,#4dbc6b,no,#4dbc6b,tetM1,#ff2722
13091_6#57,neg,#4dbc6b,no,#4dbc6b,tetM1,#ff2722
13091_6#12,neg,#4dbc6b,no,#4dbc6b,tetM1,#ff2722
18090_2#131,neg,#4dbc6b,yes,#ff2722,tetM1,#ff2722
22841_2#162,cat1,#ff2722,yes,#ff2722,tetM1,#ff2722
22841_1#166,cat1,#ff2722,yes,#ff2722,tetM1,#ff2722
17794_8#80,neg,#4dbc6b,no,#4dbc6b,neg,#4dbc6b
17794_7#181,neg,#4dbc6b,no,#4dbc6b,neg,#4dbc6b
16399_7#43,neg,#4dbc6b,no,#4dbc6b,neg,#4dbc6b
16399_6#41,neg,#4dbc6b,no,#4dbc6b,neg,#4dbc6b
16399_6#29,neg,#4dbc6b,no,#4dbc6b,neg,#4dbc6b
16399_6#22,neg,#4dbc6b,no,#4dbc6b,neg,#4dbc6b
16399_6#21,neg,#4dbc6b,no,#4dbc6b,neg,#4dbc6b
16399_5#66,neg,#4dbc6b,no,#4dbc6b,neg,#4dbc6b
16399_5#51,neg,#4dbc6b,no,#4dbc6b,neg,#4dbc6b
21127_2#64,neg,#4dbc6b,yes,#ff2722,tetM1,#ff2722
14520_6#32,neg,#4dbc6b,no,#4dbc6b,tetM1,#ff2722
15608_3#21,neg,#4dbc6b,no,#4dbc6b,neg,#4dbc6b
15608_3#28,neg,#4dbc6b,no,#4dbc6b,neg,#4dbc6b
15682_1#77,cat1,#ff2722,yes,#ff2722,tetM1,#ff2722
15682_1#57,cat1,#ff2722,yes,#ff2722,tetM1,#ff2722
15682_1#45,cat1,#ff2722,yes,#ff2722,tetM1,#ff2722