ID,In_Silico_Serotype,In_Silico_Serotype:colour,Country,Country:colour,Penicillin,Penicillin:colour,Cotrimoxazole,Cotrimoxazole:colour,Chloramphenicol,Chloramphenicol:colour,Erythromycin,Erythromycin:colour,Tetracycline,Tetracycline:colour
14673_2#92,6A,#bd009a,USA,#995300,R,#ff2722,I,#f797b1,S,#4dbc6b,R,#ff2722,S,#4dbc6b
11826_1#61,6A,#bd009a,USA,#995300,R,#ff2722,I,#f797b1,S,#4dbc6b,R,#ff2722,S,#4dbc6b
11822_1#67,6A,#bd009a,USA,#995300,R,#ff2722,I,#f797b1,S,#4dbc6b,R,#ff2722,S,#4dbc6b
11822_1#64,6A,#bd009a,USA,#995300,R,#ff2722,I,#f797b1,S,#4dbc6b,R,#ff2722,S,#4dbc6b
11822_1#62,6A,#bd009a,USA,#995300,R,#ff2722,I,#f797b1,S,#4dbc6b,R,#ff2722,S,#4dbc6b
11822_1#61,6A,#bd009a,USA,#995300,R,#ff2722,I,#f797b1,S,#4dbc6b,R,#ff2722,S,#4dbc6b
11657_2#78,6A,#bd009a,USA,#995300,R,#ff2722,I,#f797b1,S,#4dbc6b,R,#ff2722,S,#4dbc6b
11657_2#72,6A,#bd009a,USA,#995300,R,#ff2722,I,#f797b1,S,#4dbc6b,R,#ff2722,S,#4dbc6b
11511_7#72,6A,#bd009a,USA,#995300,R,#ff2722,R,#ff2722,S,#4dbc6b,R,#ff2722,S,#4dbc6b
11511_7#44,6A,#bd009a,USA,#995300,R,#ff2722,I,#f797b1,S,#4dbc6b,R,#ff2722,S,#4dbc6b
11511_7#41,6A,#bd009a,USA,#995300,R,#ff2722,I,#f797b1,S,#4dbc6b,R,#ff2722,S,#4dbc6b
14673_1#46,19A,#43bbff,USA,#995300,R,#ff2722,R,#ff2722,S,#4dbc6b,R,#ff2722,S,#4dbc6b
13154_3#77,19A,#43bbff,USA,#995300,R,#ff2722,R,#ff2722,S,#4dbc6b,R,#ff2722,S,#4dbc6b
11893_8#14,19A,#43bbff,USA,#995300,R,#ff2722,R,#ff2722,S,#4dbc6b,R,#ff2722,S,#4dbc6b
11822_1#55,6A,#bd009a,USA,#995300,R,#ff2722,R,#ff2722,S,#4dbc6b,R,#ff2722,S,#4dbc6b
11657_2#9,6A,#bd009a,USA,#995300,R,#ff2722,R,#ff2722,S,#4dbc6b,R,#ff2722,S,#4dbc6b
11657_2#84,19A,#43bbff,USA,#995300,R,#ff2722,R,#ff2722,S,#4dbc6b,R,#ff2722,S,#4dbc6b
14673_4#28,19A,#43bbff,USA,#995300,R,#ff2722,I,#f797b1,S,#4dbc6b,R,#ff2722,S,#4dbc6b
14673_4#11,19A,#43bbff,USA,#995300,R,#ff2722,I,#f797b1,S,#4dbc6b,R,#ff2722,S,#4dbc6b
13154_3#70,19A,#43bbff,USA,#995300,R,#ff2722,R,#ff2722,S,#4dbc6b,R,#ff2722,S,#4dbc6b
12291_5#46,19A,#43bbff,USA,#995300,R,#ff2722,R,#ff2722,S,#4dbc6b,R,#ff2722,S,#4dbc6b
13154_3#46,19A,#43bbff,USA,#995300,R,#ff2722,R,#ff2722,S,#4dbc6b,R,#ff2722,S,#4dbc6b
13154_3#91,19A,#43bbff,USA,#995300,R,#ff2722,R,#ff2722,S,#4dbc6b,R,#ff2722,S,#4dbc6b