gpsc	stCount	st
1	132	202, 236, 237, 257, 271, 283, 320, 420, 635, 651, 652, 763, 925, 926, 1396, 1412, 1421, 1428, 1451, 1464, 1583, 1937, 2267, 2410, 2514, 2694, 2697, 2706, 2812, 2834, 2920, 2998, 3259, 3791, 4251, 4414, 4472, 4768, 5053, 5459, 5650, 6141, 6844, 7123, 7132, 7915, 8359, 8487, 8678, 9356, 9656, 9659, 9744, 9906, 9933, 10143, 10223, 10683, 10731, 10822, 10825, 10829, 11101, 11116, 11129, 11157, 11326, 11396, 11696, 12134, 12136, 12140, 12185, 12186, 12189, 12211, 12228, 12229, 12308, 12366, 12526, 12533, 12534, 12536, 12537, 12543, 12560, 12586, 12591, 12617, 12686, 12706, 12709, 12712, 12728, 12730, 12765, 12766, 12767, 12822, 12825, 12827, 13934, 13948, 15538, 15576, 15635, 15674, 15678, 15726, 15849, 15851, 15939, 15953, 15964, 15971, 15972, 15979, 15982, 15987, 15996, 16005, 16008, 16022, 16023, 16028, 16049, 16079, 16108, 16868, 16970, 17106
2	57	217, 303, 611, 612, 613, 614, 615, 618, 2084, 2296, 3081, 3575, 3579, 3581, 5002, 5012, 5044, 5191, 5672, 5802, 6056, 6983, 8158, 8314, 9067, 9231, 9529, 10649, 10996, 11046, 11104, 11736, 11740, 11743, 11745, 11779, 12150, 12160, 12165, 12197, 12305, 12310, 12333, 12470, 12546, 12556, 12739, 12781, 12803, 14507, 15652, 15720, 15919, 16064, 16753, 17067, 17089
3	52	53, 60, 62, 100, 408, 445, 496, 662, 673, 717, 1012, 1050, 1367, 2223, 2420, 2705, 3000, 3132, 3276, 3308, 3778, 3847, 5298, 6360, 7507, 8989, 9029, 9750, 10068, 10145, 10711, 10857, 10920, 11074, 11124, 11686, 12148, 12167, 12542, 12547, 12574, 12715, 12735, 12754, 12755, 12823, 13888, 13889, 13947, 16088, 16292, 16958
4	39	199, 200, 201, 274, 411, 416, 419, 450, 645, 649, 667, 668, 876, 1200, 1673, 1756, 1757, 1936, 2081, 2154, 2220, 2269, 2273, 2344, 2472, 2540, 3426, 3934, 4642, 8290, 9763, 12376, 12711, 12729, 12731, 15181, 15582, 16296, 17097
5	130	75, 172, 277, 337, 338, 359, 361, 387, 791, 918, 988, 1131, 1150, 1188, 1373, 1447, 1526, 1535, 2218, 2345, 2372, 2464, 2777, 2904, 2930, 2932, 3163, 4028, 4104, 4168, 4293, 4968, 5183, 5242, 5547, 5549, 5814, 6140, 6553, 6849, 6980, 7096, 7480, 8197, 9488, 9913, 9914, 10149, 10150, 10272, 10542, 10599, 10603, 10650, 10652, 10724, 10732, 10744, 10767, 10809, 10817, 10889, 10899, 11119, 11704, 11706, 11707, 11715, 11716, 11717, 11899, 12126, 12164, 12213, 12327, 12329, 12352, 12380, 12390, 12398, 12479, 12509, 12525, 12541, 12580, 12593, 12594, 12672, 12717, 12742, 12761, 12835, 13816, 13873, 13916, 13919, 14428, 14492, 14588, 14897, 14925, 14956, 15737, 15754, 15776, 15786, 15819, 15824, 15846, 15865, 15929, 15943, 16048, 16080, 16124, 16137, 16185, 16193, 16275, 16277, 16287, 16706, 16737, 16897, 16918, 16931, 16943, 16955, 16966, 17131
6	68	44, 143, 156, 162, 163, 166, 333, 334, 370, 379, 466, 608, 609, 643, 671, 839, 933, 971, 1206, 1227, 1269, 1357, 1556, 1569, 1836, 1857, 1864, 2128, 2335, 2722, 2733, 2867, 3811, 4026, 4949, 6521, 7427, 7432, 7456, 8398, 8488, 9910, 9912, 10174, 10449, 10834, 11921, 12505, 12506, 12507, 12508, 12554, 12704, 12758, 12830, 12834, 12839, 13932, 13933, 14426, 14427, 14448, 14491, 14525, 15752, 15905, 16111, 17113
7	50	33, 36, 37, 42, 264, 311, 355, 436, 438, 439, 507, 628, 629, 692, 727, 778, 804, 945, 992, 1011, 1389, 1839, 1847, 2319, 5473, 7318, 7336, 7461, 8802, 9447, 9452, 9749, 9751, 10727, 11063, 12122, 12139, 12251, 12287, 12733, 12762, 12826, 12852, 13874, 14522, 14523, 15176, 15564, 15623, 17126
8	24	245, 289, 3339, 3404, 4219, 5056, 5659, 5896, 7050, 7222, 9935, 10999, 12311, 14156, 14435, 14436, 15179, 15180, 15685, 15816, 16065, 16188, 16716, 17087
9	120	63, 374, 782, 842, 861, 1191, 1915, 2097, 2100, 2108, 2414, 2447, 2613, 2675, 2678, 3036, 3310, 3816, 4532, 4561, 4593, 4652, 4898, 4902, 4905, 4906, 4907, 4912, 5004, 5187, 5285, 5435, 5589, 6043, 7061, 7270, 7551, 7552, 7645, 8019, 8324, 8346, 9352, 9426, 9468, 9646, 9727, 9735, 9864, 9939, 10211, 10575, 10608, 10737, 10758, 10894, 11018, 11022, 11029, 11030, 11041, 11152, 11399, 11503, 11687, 12239, 12260, 12272, 12334, 12360, 12364, 12484, 12485, 12555, 12559, 12576, 12723, 12738, 12787, 13585, 13952, 14293, 14452, 14541, 14557, 14558, 14581, 15321, 15537, 15610, 15615, 15651, 15664, 15693, 15803, 15821, 15834, 15884, 15885, 15886, 15912, 15932, 15945, 16018, 16021, 16142, 16265, 16719, 16735, 16759, 16765, 16770, 16805, 16808, 16850, 16908, 16917, 17054, 17061, 17066
10	122	230, 276, 319, 650, 700, 878, 1047, 1087, 1553, 1611, 1701, 2013, 2037, 2307, 2355, 2707, 3133, 3135, 3772, 3936, 3974, 3980, 4253, 4266, 4351, 4677, 5033, 5034, 5195, 5240, 5567, 5912, 6227, 6353, 6741, 8374, 8509, 8812, 8857, 9108, 9540, 10696, 10745, 10811, 10840, 10879, 10917, 10921, 10928, 11021, 11052, 11100, 11106, 11151, 11429, 11748, 11749, 12210, 12301, 12424, 12473, 12474, 12498, 12499, 12684, 12790, 12794, 12819, 12894, 13324, 13543, 13727, 13877, 13880, 13885, 13925, 14420, 14482, 14488, 14489, 14490, 14499, 14508, 14518, 14535, 14556, 14582, 15060, 15584, 15585, 15586, 15587, 15633, 15650, 15671, 15681, 15684, 15691, 15696, 15703, 15755, 15759, 15767, 15784, 15805, 15832, 15949, 16037, 16092, 16096, 16416, 16710, 16721, 16740, 16771, 16787, 16788, 16795, 16837, 16926, 16965, 17098
11	76	193, 410, 889, 1145, 1228, 1262, 1358, 2575, 2814, 2927, 3065, 3689, 4893, 4989, 4990, 5139, 5281, 5848, 6031, 6237, 6444, 6560, 6787, 7068, 7435, 7436, 7600, 7601, 7619, 7723, 9516, 9517, 9692, 9975, 10065, 10227, 10721, 10774, 10783, 10854, 10885, 10951, 11003, 11023, 11031, 11035, 11059, 11730, 11760, 11920, 12138, 12214, 12262, 12391, 12517, 12518, 12602, 12838, 13871, 14517, 15590, 15675, 15894, 16293, 16723, 16751, 16755, 16757, 16789, 16857, 16902, 16940, 17049, 17050, 17052, 17134
12	26	180, 505, 2049, 3798, 3805, 4655, 4735, 5616, 6012, 6013, 9060, 10179, 10511, 10768, 11873, 11928, 12206, 12319, 12734, 12736, 13739, 15069, 15583, 16294, 16714, 17058
13	121	398, 471, 473, 497, 647, 660, 690, 1096, 1588, 1717, 1876, 1927, 2285, 2295, 3822, 4087, 4957, 5055, 5073, 5470, 5501, 5611, 5622, 5679, 6372, 6373, 6382, 6390, 6778, 6867, 7073, 7097, 7310, 7313, 7423, 7733, 7736, 7744, 8003, 8696, 8698, 9506, 9532, 9533, 9555, 9575, 9915, 9919, 9920, 9923, 10630, 10664, 10671, 10701, 10704, 10713, 10717, 10718, 10736, 10748, 10750, 10773, 10832, 10844, 10847, 10888, 10898, 10915, 10934, 10948, 10955, 11042, 11099, 11121, 11123, 11125, 12168, 12225, 12227, 12338, 12493, 12503, 12516, 12529, 12545, 12548, 12553, 12561, 12568, 12570, 12605, 13163, 13901, 13902, 13922, 14410, 14514, 15353, 15830, 15934, 16291, 16762, 16769, 16793, 16806, 16843, 16853, 16854, 16861, 16892, 16904, 16919, 16924, 16951, 17079, 17082, 17115, 17117, 17123, 17127, 17129
14	58	240, 242, 805, 880, 1441, 1443, 1444, 1445, 2059, 2651, 3140, 3176, 3400, 5653, 6279, 6285, 6305, 6344, 7866, 8299, 8327, 8334, 8335, 8336, 8337, 8716, 8741, 9237, 9911, 9932, 10571, 10604, 10653, 10735, 10738, 10791, 10796, 10816, 10818, 10859, 10925, 10936, 11056, 11069, 11088, 11092, 12147, 12347, 12405, 12562, 12612, 12773, 16090, 16100, 16855, 16923, 17093, 17133
15	9	191, 1062, 1589, 4665, 5782, 10162, 10765, 11728, 16198
16	55	66, 67, 70, 71, 72, 73, 81, 83, 282, 517, 632, 634, 737, 738, 1591, 1623, 2216, 2346, 3386, 3800, 4913, 5593, 6215, 6216, 6219, 7452, 8809, 9145, 9257, 9747, 9770, 9904, 9905, 10869, 11683, 12170, 12173, 12175, 12483, 12487, 12703, 12772, 12837, 12840, 13878, 13939, 14460, 15393, 15632, 15708, 15742, 15875, 16890, 16957, 17103
17	61	2057, 2062, 4869, 4870, 4872, 4873, 6121, 6255, 6258, 6261, 6262, 6266, 6268, 7056, 7057, 7072, 7895, 7897, 7899, 7903, 8303, 8307, 9457, 9900, 10628, 10634, 10690, 10693, 10741, 10756, 10790, 10843, 10870, 10952, 11065, 11076, 11085, 11114, 11122, 11677, 11678, 12152, 12154, 12226, 12521, 12564, 14429, 14647, 15358, 16849, 16872, 16884, 16894, 16899, 16916, 16933, 16937, 16964, 17128, 17130, 17142
18	65	9, 13, 15, 16, 18, 25, 43, 175, 423, 622, 721, 733, 984, 1006, 1201, 1492, 1797, 2258, 2652, 2922, 3162, 3907, 4191, 5468, 6144, 6809, 7027, 7448, 7485, 8006, 8753, 9054, 9898, 9899, 10183, 10616, 10705, 10747, 10799, 10814, 11675, 12232, 12242, 12273, 12552, 12699, 12836, 12851, 13332, 13867, 13931, 14432, 15177, 15183, 15751, 16847, 16877, 16895, 16912, 16928, 16946, 16956, 17107, 17119, 17125
19	15	433, 520, 1337, 1955, 4334, 4553, 7314, 9456, 10163, 10164, 10165, 10226, 10926, 12708, 12710
20	21	802, 4639, 6120, 6471, 6856, 9002, 9530, 9534, 9535, 9538, 10644, 10887, 12198, 12355, 12520, 12724, 12842, 12845, 16176, 16178, 16189
21	74	347, 2715, 5179, 6088, 6095, 6170, 6277, 7142, 8670, 9547, 9548, 9927, 9930, 10536, 10553, 10572, 10598, 10619, 10622, 10632, 10655, 10709, 10752, 10784, 10794, 10798, 10842, 10896, 10932, 10933, 10935, 10941, 10943, 10949, 10974, 10975, 10988, 11086, 11115, 11747, 12130, 12146, 12157, 12183, 12254, 12261, 12332, 12336, 12339, 12585, 12598, 12601, 12609, 12700, 12740, 14799, 15738, 15743, 15831, 15842, 15856, 16301, 16685, 16900, 16909, 16910, 16929, 16932, 16968, 16969, 16971, 16973, 16974, 17139
22	70	840, 843, 2052, 4984, 5408, 5722, 5902, 7329, 8817, 9518, 10131, 10545, 10547, 10554, 10597, 10602, 10654, 10677, 10734, 10753, 10761, 10856, 10861, 10874, 10906, 10968, 10991, 11060, 11078, 11083, 11108, 11110, 11724, 11725, 11726, 11727, 11732, 11733, 11778, 12179, 12286, 12293, 12294, 12297, 12309, 12313, 12315, 12324, 12331, 12393, 12492, 12540, 12565, 12575, 12583, 12616, 12737, 14527, 14821, 15056, 15729, 15760, 15761, 15787, 15806, 15807, 15809, 15855, 15921, 16859
23	94	90, 93, 94, 95, 104, 145, 146, 147, 238, 273, 384, 624, 640, 641, 788, 1060, 1121, 1129, 1394, 1509, 1518, 1536, 1624, 1661, 1792, 2051, 2156, 2456, 3051, 3246, 3387, 3808, 4039, 4236, 5127, 5497, 5628, 6410, 6453, 6457, 6467, 6500, 6863, 6917, 7415, 7416, 7417, 7418, 7460, 8052, 8526, 9481, 9482, 9485, 9908, 9922, 9924, 9965, 10060, 10631, 10904, 10911, 10912, 10927, 10929, 10965, 11237, 11305, 11700, 12495, 12721, 12732, 12756, 12757, 12768, 12769, 12771, 12779, 13905, 13942, 14563, 15603, 15621, 15883, 15944, 15954, 15981, 15994, 15995, 15998, 15999, 16003, 16038, 16081
24	28	138, 176, 342, 469, 639, 1770, 1892, 2459, 2624, 3797, 4241, 4598, 6325, 6389, 6774, 7430, 9505, 10723, 10725, 10742, 12172, 12358, 12384, 12760, 12763, 12821, 15574, 16906
25	34	1210, 1725, 4209, 5585, 6038, 7522, 7523, 8501, 8687, 8803, 11019, 12177, 12463, 12615, 12785, 14439, 14474, 15689, 15716, 15782, 16138, 16162, 16268, 16269, 16272, 16285, 16718, 16729, 16730, 16733, 16825, 16827, 16831, 17065
26	32	989, 2211, 3334, 3377, 3775, 4187, 5026, 5953, 6058, 7110, 8798, 9544, 9929, 10232, 11027, 11075, 11105, 11780, 12212, 12342, 12416, 12421, 12784, 12813, 12828, 15695, 15772, 15788, 16070, 16824, 17071, 17073
27	22	205, 206, 244, 246, 247, 695, 853, 899, 2365, 5660, 9557, 9558, 9560, 9561, 9934, 10612, 12714, 15812, 15900, 16693, 16871, 17132
28	4	4396, 4889, 14510, 15653
29	10	327, 395, 1398, 1692, 2611, 9451, 9453, 9743, 11310, 13915
30	44	3735, 4084, 4900, 5521, 7055, 7062, 7533, 7535, 8151, 8157, 8714, 8774, 8841, 9174, 9475, 10177, 10534, 10555, 10586, 10810, 10892, 10910, 10997, 11050, 11690, 11830, 12133, 12180, 12182, 12245, 12255, 12491, 12600, 12681, 14515, 14516, 15660, 15749, 15936, 16130, 16262, 16274, 16708, 16709
31	9	227, 304, 306, 4752, 5316, 5784, 8415, 13923, 15186
32	20	218, 220, 405, 1176, 2178, 2233, 2331, 3523, 3544, 3545, 4666, 5265, 5455, 6057, 10663, 11741, 11901, 12241, 12469, 17111
33	34	4088, 5072, 7888, 9568, 10543, 10548, 10592, 10635, 10651, 10667, 10670, 10800, 10853, 10862, 10950, 10981, 11055, 11072, 11080, 11089, 11090, 11107, 11111, 11113, 11770, 11771, 11772, 12123, 12137, 12143, 12550, 12551, 12592, 12743
34	38	1778, 3583, 4038, 4832, 5641, 7067, 7319, 9546, 10544, 10615, 10662, 10679, 10680, 10697, 10710, 10865, 10940, 10960, 10963, 10971, 10982, 10987, 11064, 11746, 12382, 12389, 12408, 12413, 12588, 12597, 12687, 12719, 12805, 15619, 15802, 15872, 16972, 17043
35	12	97, 585, 1282, 1551, 4753, 8821, 8825, 10938, 10978, 12282, 12741, 16939
36	12	446, 498, 816, 1635, 2068, 3290, 4849, 10318, 10864, 10919, 10954, 12705
37	68	750, 751, 874, 2421, 2909, 4929, 4977, 4978, 5293, 5419, 5445, 6041, 6290, 6393, 6527, 6785, 7084, 7306, 7312, 7585, 7724, 8379, 8391, 8771, 9601, 9902, 10659, 10695, 10707, 10743, 10751, 10760, 10763, 10770, 10775, 10788, 10815, 10959, 10976, 11048, 11067, 11695, 11787, 12248, 12514, 12557, 12607, 12841, 13616, 14450, 14526, 14550, 14551, 14565, 14566, 14567, 15930, 16812, 16829, 16864, 16891, 16913, 16942, 16947, 16953, 16959, 17109, 17136
38	13	310, 393, 755, 5475, 6045, 6355, 9325, 11082, 12764, 12774, 13935, 13945, 14781
39	8	124, 129, 656, 2215, 9917, 10831, 12478, 12753
40	40	910, 2528, 4903, 4934, 5266, 5355, 5681, 6023, 7054, 7117, 8502, 9459, 9470, 9483, 9522, 9903, 10600, 10605, 10626, 10636, 10638, 10923, 10939, 10983, 11039, 11057, 11697, 12158, 12162, 12193, 12246, 12252, 12395, 12409, 12613, 12844, 15974, 16083, 16860, 16901
41	31	1094, 4226, 4941, 4943, 7251, 8690, 8766, 9909, 10656, 10691, 10708, 10729, 10749, 10785, 10820, 11091, 11117, 12538, 12566, 12569, 16874, 16880, 16888, 16896, 16911, 16922, 17096, 17102, 17110, 17124, 17137
43	42	239, 280, 1263, 1651, 2039, 2240, 3214, 4128, 4352, 4660, 4661, 4745, 5492, 5719, 6011, 6053, 7664, 8605, 10882, 10901, 11508, 11739, 11758, 12304, 12404, 12406, 12494, 12745, 13912, 13937, 14217, 14503, 15539, 15581, 15596, 15858, 16015, 16042, 16087, 16161, 16164, 16219
44	22	77, 177, 179, 646, 1167, 3013, 7024, 7431, 9146, 12317, 12418, 12510, 12512, 12513, 13906, 13911, 13943, 15591, 15599, 15605, 15606, 15791
45	18	547, 743, 1439, 1884, 2832, 3783, 4560, 5447, 10157, 10924, 12204, 12373, 15366, 15989, 16066, 16777, 16809, 17084
46	15	30, 570, 1500, 3450, 10584, 10673, 10733, 10858, 11054, 11079, 11120, 12464, 13949, 16213, 16903
47	35	149, 315, 386, 457, 1093, 2040, 3324, 4220, 4310, 4378, 4723, 5060, 6046, 6361, 6846, 6984, 7109, 8599, 9564, 9600, 10672, 10681, 10930, 10966, 11315, 12269, 12303, 12367, 13890, 14611, 14612, 15966, 16000, 16061, 16299
48	23	275, 346, 1203, 1835, 1961, 3201, 3557, 7052, 7135, 7629, 11722, 12127, 12614, 12816, 13177, 15725, 15881, 15909, 15973, 16027, 16031, 16054, 16102
49	12	392, 440, 739, 1924, 6189, 8504, 10564, 10962, 10986, 11708, 13918, 14438
50	29	113, 114, 123, 133, 637, 638, 1073, 1485, 1515, 1516, 1711, 1844, 1923, 1992, 2429, 3060, 5852, 7505, 9511, 9512, 9513, 9565, 9921, 10833, 11900, 12829, 14470, 15182, 15184
51	8	458, 7545, 11128, 11332, 12142, 12590, 12606, 14389
52	10	5647, 8713, 10595, 10702, 10793, 10849, 10937, 11757, 12581, 12595
53	23	847, 2124, 5262, 5270, 7324, 10970, 11714, 12191, 12216, 12285, 12292, 12397, 12419, 12804, 12891, 12892, 14424, 15005, 15009, 15941, 15951, 16132, 16147
54	36	706, 3454, 4221, 4881, 4908, 5283, 5361, 5778, 5897, 6314, 6317, 6530, 7058, 7059, 7889, 8763, 9473, 10688, 10789, 10797, 10876, 10895, 10944, 11680, 12326, 12340, 12480, 12481, 12532, 12558, 12567, 14441, 15679, 16842, 16852, 17099
55	4	3524, 3774, 3776, 13950
56	29	1148, 1759, 2416, 5027, 5067, 5068, 7048, 7141, 8672, 9531, 10675, 10792, 10855, 11767, 11768, 11769, 11915, 12151, 12383, 12820, 12951, 14502, 14509, 14536, 14537, 14538, 15698, 15808, 15918
57	27	444, 533, 568, 1111, 1684, 1766, 1994, 3358, 3548, 6029, 6489, 7077, 8289, 8948, 10453, 10479, 10821, 11066, 12144, 12462, 12582, 12682, 14464, 15589, 16695, 16711, 16834
58	14	4036, 5516, 5715, 5716, 5734, 10546, 10613, 11689, 11691, 11762, 12411, 12690, 12775, 15602
59	9	558, 10175, 10222, 10493, 10766, 12713, 12809, 14528, 15540
60	8	448, 3265, 7592, 7593, 8356, 9810, 10500, 11882
61	58	214, 605, 698, 1026, 1794, 1871, 4160, 4424, 5469, 5474, 5523, 5726, 5964, 6039, 6403, 6583, 6833, 8829, 8835, 9526, 9537, 9842, 9926, 10593, 10625, 10668, 10689, 10715, 10781, 10946, 11010, 11097, 11346, 11737, 11738, 11744, 11902, 12135, 12265, 12302, 12359, 12388, 12468, 12579, 12800, 13704, 13868, 13921, 13929, 14549, 14584, 14973, 14991, 15429, 16848, 17077, 17105, 17114
62	19	913, 914, 1736, 1737, 4940, 5354, 6547, 9489, 10801, 10964, 12166, 12200, 12362, 15040, 15814, 16134, 16150, 16278, 16284
63	3	4377, 6767, 6768
64	5	65, 460, 9001, 10830, 12759
65	12	701, 1144, 2053, 4370, 15735, 15745, 15747, 15774, 15825, 15854, 15913, 15933
66	1	6770
67	17	1233, 1381, 4350, 4819, 6145, 6239, 8316, 8425, 10779, 10994, 11645, 12544, 12596, 14476, 14485, 15997, 17092
68	24	102, 542, 1016, 2192, 6236, 6245, 7091, 7262, 8311, 8317, 8681, 9280, 9484, 10746, 11096, 11698, 11699, 12141, 12584, 12746, 12824, 16866, 17116, 17121
69	12	2647, 3824, 4965, 5448, 5452, 5453, 6011, 7429, 9762, 15959, 15988, 16002
70	6	259, 1221, 7026, 13938, 13944, 13954
71	2	5103, 11735
72	12	198, 2690, 3003, 3329, 7425, 7426, 10777, 11721, 12215, 12689, 12811, 13881
73	1	99
75	2	452, 16297
76	17	76, 490, 681, 793, 1092, 3037, 3403, 4237, 4363, 4724, 6808, 9467, 10913, 11693, 12365, 16206, 16259
77	25	185, 7307, 7738, 10661, 10686, 10720, 10726, 10845, 10846, 10871, 11719, 12528, 16878, 16905, 16914, 16934, 16941, 16944, 16961, 16962, 17100, 17104, 17108, 17112, 17135
78	6	5511, 5706, 9931, 12291, 12688, 15592
79	16	5410, 7071, 7370, 7371, 7376, 9443, 10838, 10875, 12396, 12539, 12571, 16851, 16863, 16873, 16893, 16963
80	12	916, 917, 10594, 10618, 10629, 10903, 11711, 11712, 12312, 12749, 15595, 15628
81	28	344, 1054, 2251, 2315, 4047, 7611, 8991, 9809, 10241, 10980, 10985, 10993, 11084, 11093, 11731, 11878, 12192, 12201, 12407, 12720, 15789, 15794, 15817, 15893, 15903, 16696, 16698, 16703
82	3	982, 4384, 12378
83	8	232, 260, 378, 1220, 1377, 6014, 7369, 11931
84	40	1730, 2014, 2015, 2483, 2931, 2988, 3100, 3515, 3518, 4194, 5661, 5702, 7526, 7622, 7639, 7678, 7680, 7682, 10589, 10658, 10669, 10969, 11013, 11017, 11034, 12307, 12488, 12725, 12789, 12888, 12899, 13865, 13936, 14500, 15612, 15676, 15721, 16123, 16715, 17081
86	17	2036, 2213, 2712, 5048, 7666, 9438, 9554, 10757, 10839, 11000, 11024, 12744, 13941, 14498, 15543, 15641, 15688
87	3	5963, 15965, 16076
88	17	1264, 1735, 3317, 4108, 5509, 6486, 6509, 6569, 6985, 9486, 11162, 11702, 11703, 11705, 12316, 12377, 12799
89	5	1292, 1379, 2064, 9455, 12848
90	24	7860, 8326, 8328, 8331, 8332, 8660, 9928, 10558, 10641, 10648, 10678, 10703, 10714, 10827, 11070, 11109, 11118, 11681, 12145, 12522, 16865, 16898, 16948, 16975
91	15	373, 5079, 6514, 8958, 9574, 10992, 11012, 12369, 12394, 15008, 15566, 15567, 16172, 16803, 16826
92	15	5368, 5391, 7053, 7105, 10587, 10614, 10645, 11127, 11742, 12178, 15770, 15773, 15796, 15940, 15950
93	6	4956, 5557, 8838, 10639, 11126, 11713
94	13	2174, 5545, 6857, 9509, 10607, 10902, 10905, 11718, 12238, 12296, 12300, 12777, 16688
95	8	241, 5063, 6326, 7442, 12788, 12791, 12806, 16073
96	14	74, 1504, 3744, 5083, 5199, 9476, 11692, 14455, 14456, 14457, 15686, 16043, 16069, 16075
97	7	376, 1339, 2268, 2270, 8207, 10159, 10178
98	10	404, 1268, 1480, 2894, 3406, 4202, 5680, 10852, 13914, 16687
99	2	432, 1848
101	20	1078, 1406, 2854, 3476, 3520, 6550, 8507, 11011, 11040, 12783, 14433, 14504, 14802, 16126, 16712, 16741, 16760, 16772, 16784, 16807
102	15	4423, 4894, 7672, 7687, 9566, 10880, 11103, 11765, 12153, 13908, 14467, 15876, 15906, 16125, 16133
103	7	3407, 6847, 10778, 10805, 10908, 11764, 12422
104	21	4229, 6030, 7631, 7632, 7633, 11916, 12284, 12467, 12504, 12807, 14422, 14472, 14477, 14548, 14562, 15687, 15810, 15833, 15837, 16159, 16167
105	11	5449, 5623, 5625, 5626, 6148, 6348, 7433, 7457, 8008, 12846, 12847
106	7	2218, 2572, 12176, 12370, 12371, 12770, 16684
107	4	870, 12161, 12203, 12368
108	5	915, 6502, 9487, 9938, 15613
109	1	3009
110	1	4936
111	1	1390
112	9	4033, 5809, 9767, 11661, 11776, 12420, 12778, 15616, 16283
113	15	353, 775, 2160, 2882, 5463, 6018, 6870, 7413, 10754, 11336, 13892, 13910, 14578, 16867, 17138
114	5	5326, 8827, 10787, 12258, 12530
115	10	135, 1348, 1662, 3614, 10808, 12169, 12357, 13866, 15535, 16118
116	13	5080, 7706, 7707, 10878, 11102, 11656, 12577, 13882, 14539, 14540, 15705, 16728, 16736
117	9	6103, 11754, 11755, 11756, 12208, 12240, 12266, 12289, 15617
119	8	251, 654, 1258, 1340, 3616, 9746, 9748, 10881
120	13	1590, 2987, 3531, 5613, 9496, 10596, 10682, 11796, 12322, 16746, 16798, 16821, 17080
121	3	2929, 4029, 10676
122	3	4113, 12274, 14606
123	6	447, 1033, 6574, 12702, 17037, 17064
124	5	235, 1030, 1257, 13913, 15690
125	9	4987, 5624, 10642, 10657, 10961, 10973, 12233, 16858, 17120
126	10	1368, 4083, 9408, 10576, 10979, 11009, 12295, 16781, 16782, 17118
127	2	6690, 12797
128	2	4389, 12207
129	6	385, 3207, 9492, 10841, 15780, 15823
131	8	766, 3669, 5224, 8495, 11790, 13869, 13875, 15563
132	3	3280, 7479, 10161
133	4	11763, 12281, 12578, 12611
134	6	901, 1260, 3129, 11025, 15869, 15914
135	5	659, 995, 3157, 10170, 10224
136	7	5636, 5637, 5638, 5639, 6564, 6587, 7458
137	8	3782, 3983, 6037, 6485, 10900, 12610, 13897, 17122
138	2	7518, 7635
139	4	6524, 12833, 13903, 14437
140	4	58, 817, 10764, 15185
142	9	2419, 3594, 5456, 8840, 9523, 9536, 10588, 12351, 12549
143	6	2070, 9572, 9936, 12253, 14846, 15732
144	9	5676, 5677, 6584, 6585, 7443, 7444, 7445, 7446, 7459
145	8	5483, 10826, 10860, 10956, 12244, 12344, 12707, 16846
146	3	994, 4197, 10722
147	12	6040, 6911, 7674, 10873, 10922, 11002, 12410, 15577, 16046, 16086, 16745, 17063
148	9	9519, 10643, 10893, 10990, 11001, 11095, 12155, 12685, 16764
149	4	4399, 16191, 16218, 16256
150	7	2208, 2818, 10610, 10776, 10907, 12752, 13896
151	1	6707
152	8	3397, 6343, 7768, 8914, 9764, 9765, 9768, 11952
155	6	105, 2159, 2650, 5604, 10585, 12587
156	8	1840, 2685, 3551, 10148, 10439, 12187, 13946, 14519
157	1	10914
158	6	2966, 6149, 6791, 12268, 12270, 15985
159	8	6278, 7131, 9937, 10706, 10795, 16881, 16882, 16967
160	1	9813
161	3	9449, 9570, 12673
162	16	801, 1022, 1222, 3784, 4127, 5872, 6832, 10916, 12202, 12400, 12401, 12920, 14136, 14731, 15960, 17012
163	8	10568, 10633, 11061, 12256, 12263, 12321, 12337, 12343
164	2	2169, 10909
165	7	3751, 4640, 6209, 6460, 6578, 11955, 15580
168	4	10698, 11766, 16856, 16869
169	4	2911, 12412, 15748, 16163
170	14	2714, 2856, 7689, 10995, 10998, 11044, 13172, 14505, 14506, 14576, 15638, 15644, 15645, 16744
171	8	3473, 8692, 10772, 10886, 11709, 12599, 12683, 16952
172	4	291, 8496, 9745, 12237
173	1	12290
175	6	425, 485, 5460, 6048, 6937, 10450
176	3	9491, 11028, 16790
177	4	2991, 7566, 7567, 12375
178	7	2185, 3930, 4879, 6310, 7345, 12128, 16629
179	2	10550, 12603
180	6	4966, 15880, 15888, 15910, 15990, 16006
181	2	4368, 10884
182	4	1729, 2941, 9197, 12306
183	7	2902, 9461, 9465, 9466, 12259, 12341, 12354
184	8	702, 5392, 7651, 9552, 12750, 14931, 15757, 15783
185	7	553, 2016, 2017, 2038, 2666, 8596, 9435
186	2	12374, 15569
189	14	5464, 5467, 5471, 5619, 6731, 7420, 7421, 7454, 7455, 9463, 9501, 9551, 9916, 10646
190	3	1090, 9549, 12356
191	2	494, 546
192	8	8676, 8776, 9545, 10740, 10762, 10883, 12349, 12843
193	3	1131, 1526, 12718
194	6	5578, 10666, 10866, 10945, 10977, 12124
195	4	11676, 12386, 15593, 15600
196	2	5393, 6025
197	1	2102
198	5	87, 88, 89, 459, 5606
199	3	10570, 10957, 11071
200	4	5808, 10617, 11081, 12132
201	6	11773, 11774, 12276, 12278, 12279, 16887
202	2	9444, 9897
203	7	1746, 2752, 10588, 15871, 15882, 15963, 16017
204	5	1118, 2878, 2880, 9838, 9942
205	5	2067, 10716, 10823, 12535, 16938
206	6	5077, 7701, 7702, 11049, 15714, 16153
207	2	9815, 11723
209	7	5668, 8164, 11006, 12387, 15700, 16768, 17057
210	4	10590, 10674, 10947, 11688
211	3	6557, 7604, 11729
212	7	5972, 6202, 6946, 7751, 7759, 15719, 16298
213	4	1988, 3083, 4269, 13895
215	4	3465, 6541, 12271, 15724
216	3	9553, 12350, 16945
217	3	5258, 9524, 15866
218	9	5656, 7070, 10583, 12159, 12524, 16879, 16920, 16921, 16930
219	1	10591
220	2	10552, 13899
221	1	11720
222	6	8152, 10806, 15946, 16036, 16731, 16756
223	4	5412, 7063, 12247, 12748
224	10	2833, 3500, 3714, 4216, 5081, 6022, 6748, 11522, 14440, 16229
225	13	4217, 6034, 12496, 12497, 12782, 14423, 14524, 15707, 16775, 16796, 16818, 17053, 17070
226	5	1475, 7089, 12589, 12817, 16844
227	1	11759
228	3	2795, 10665, 10891
229	4	1025, 4715, 10918, 12511
230	11	2754, 7752, 14463, 14501, 15570, 15926, 15948, 16707, 16732, 16758, 16835
231	4	724, 5847, 12465, 13872
232	3	6132, 12701, 12812
233	10	1146, 5396, 5952, 6730, 14772, 15728, 15818, 15826, 15836, 15838
234	5	1116, 2021, 8964, 10440, 10606
235	7	4040, 10967, 12414, 16700, 16704, 17035, 17040
236	12	6044, 7538, 7573, 12815, 14552, 14568, 14569, 15835, 15860, 16761, 16776, 17044
237	4	1902, 7412, 12190, 13951
238	4	5898, 9901, 11112, 11679
239	2	2290, 12573
240	5	5466, 5505, 7449, 7450, 16039
241	10	5178, 10043, 11684, 12249, 13592, 14475, 14555, 15709, 15727, 16883
242	2	10582, 10611
243	3	10623, 10647, 12280
244	3	2912, 6807, 8738
245	7	2212, 3022, 14430, 14496, 14497, 16266, 16778
246	3	10577, 11087, 16935
247	7	6130, 7613, 7616, 11015, 12796, 16713, 16742
248	2	2758, 7403
249	2	770, 12500
250	1	5973
251	11	499, 6060, 6061, 7648, 8508, 14534, 15642, 15683, 15766, 15813, 15861
253	4	1765, 8799, 12489, 12523
254	2	8822, 11058
255	4	8824, 11775, 12230, 12243
256	2	11682, 12776
257	6	5407, 6064, 8806, 11007, 14446, 14447
258	4	9811, 10972, 11077, 17095
259	3	5009, 11930, 14553
260	16	6128, 6129, 8927, 11016, 12257, 13053, 14425, 14461, 14583, 15677, 15711, 15853, 16763, 16773, 16783, 17045
261	2	1796, 14574
262	3	3499, 13894, 15800
266	3	3539, 5472, 7422
267	2	5600, 14449
268	12	705, 6461, 6475, 6504, 6810, 6811, 14790, 14858, 14860, 15746, 15859, 15867
269	5	4063, 4883, 6345, 7414, 14520
270	5	8330, 10684, 10759, 10782, 12335
271	2	1232, 10848
272	4	4884, 5409, 12330, 14468
273	1	5508
274	4	8949, 12195, 12381, 15597
275	9	4880, 5823, 8153, 9865, 14421, 15618, 15799, 15801, 15850
276	4	10627, 10942, 12277, 12501
277	4	6197, 10868, 12156, 15546
278	4	5541, 7069, 12674, 13886
279	3	554, 875, 6909
280	3	11751, 11752, 11753
281	1	9464
282	4	1669, 6784, 12792, 16738
283	4	12786, 14478, 15666, 15863
284	11	7647, 7711, 11033, 11777, 14577, 15655, 16263, 16754, 16785, 17055, 17074
285	2	11710, 12810
286	4	7115, 13898, 13920, 13953
287	1	6769
288	2	46, 12379
289	2	8376, 11327
290	2	13887, 14493
293	3	5058, 6456, 17046
295	2	5581, 6139
298	1	5675
299	9	909, 5422, 6465, 7186, 7451, 12490, 16630, 16631, 17101
300	5	2831, 6508, 10803, 12392, 15771
301	4	2914, 10786, 16875, 16886
302	7	4223, 5349, 10804, 15765, 15768, 15793, 15847
303	7	6572, 7668, 8260, 10835, 12353, 14442, 17078
304	2	5577, 10851
305	3	10863, 12125, 17094
306	1	10601
307	7	5282, 7670, 12477, 14444, 14543, 14544, 17076
308	3	1294, 14480, 15870
309	6	4925, 5292, 6193, 14134, 14483, 15723
310	5	2337, 4878, 7086, 12466, 15777
311	2	742, 13930
312	5	2557, 9287, 14494, 15631, 16136
313	1	13955
315	1	1978
316	1	655
317	1	10494
319	2	16033, 16041
320	5	10374, 15916, 16025, 16072, 16091
321	2	902, 5244
322	2	6347, 7441
323	2	574, 1014
324	1	292
325	4	9460, 9471, 12346, 16840
326	5	3617, 5658, 9055, 9556, 11761
327	1	5461
328	2	5031, 10609
329	2	4090, 10728
330	3	7865, 10712, 10828
331	7	1469, 9359, 11734, 12194, 12679, 12716, 16152
332	2	4156, 10897
333	1	5527
334	5	1527, 1820, 6945, 16074, 16197
335	3	5590, 7531, 7653
336	5	2234, 6051, 12793, 14431, 15877
337	2	6035, 11053
338	4	2665, 4892, 6357, 16110
339	3	983, 12174, 12217
340	2	6740, 15573
341	2	8640, 9793
342	11	2794, 9500, 13883, 16058, 16117, 16120, 16121, 16128, 16179, 16276, 16799
343	2	8595, 13884
344	1	13891
348	2	5673, 6336
350	2	7439, 9056
351	1	5462
352	3	2283, 6311, 9907
353	1	8267
354	1	11694
355	3	852, 5876, 10685
356	4	10692, 10755, 16876, 16950
357	1	7424
358	3	11781, 16839, 16925
359	2	6472, 7599
360	1	5537
361	4	5654, 10812, 14465, 14466
363	3	4909, 10455, 12727
364	3	3801, 5000, 15548
365	1	225
366	1	10660
367	1	10640
370	1	11782
371	3	11454, 12780, 14072
372	4	5290, 7679, 16726, 17060
373	1	11014
374	1	5279
375	12	7559, 7590, 12798, 14547, 14570, 14571, 14572, 16792, 16794, 16800, 16810, 16819
376	17	3460, 9247, 14511, 14512, 14787, 14886, 16181, 16286, 16780, 16811, 16813, 16814, 16816, 16817, 16822, 17072, 17086
377	1	11750
378	1	12808
379	2	9446, 16889
381	2	6874, 12372
382	3	4542, 5833, 12385
383	3	3398, 13893, 15879
384	2	4441, 12188
385	2	11903, 13917
386	2	7438, 14458
388	1	5542
389	3	5893, 15575, 15578
390	1	1470
391	3	3787, 4986, 13833
392	2	761, 12476
393	2	11312, 13870
394	1	5406
395	2	13812, 13940
396	2	13904, 13907
397	1	8966
398	1	7596
400	1	15911
407	2	6851, 12417
408	2	3804, 8836
409	1	361
410	2	9498, 16119
411	3	6820, 9490, 12832
413	1	9569
414	2	6143, 9925
415	1	5662
416	1	5465
417	1	5667
419	1	6346
420	1	5969
421	1	10687
422	2	10694, 16845
423	1	10699
424	1	10700
425	2	12531, 16936
426	1	10719
427	1	10173
428	1	10730
429	1	8820
430	1	10739
431	1	10769
432	1	10771
433	1	5527
434	2	3341, 12288
435	1	2425
436	2	919, 10780
437	2	1800, 2167
438	1	10802
439	1	12236
440	2	9092, 12502
441	2	9094, 16155
442	4	5527, 6848, 6850, 10807
443	1	12722
444	1	10813
445	6	5631, 11823, 12563, 15654, 15712, 16689
446	1	12234
447	1	12235
448	1	10819
449	1	10824
451	1	1374
452	2	10836, 16870
453	1	2896
454	1	6063
455	2	6106, 15762
456	1	12572
457	2	6476, 10850
458	1	10867
459	3	10872, 11524, 14580
460	1	10877
461	1	10621
462	1	3578
463	1	1288
464	1	12751
465	1	2622
466	1	10931
467	1	10953
468	1	10958
469	1	12604
470	1	12608
471	1	10984
473	1	10989
474	1	3781
475	1	3802
477	1	3799
478	4	6880, 14453, 15722, 17088
479	1	11005
480	2	5602, 11008
481	3	2599, 9992, 16748
482	1	5612
483	1	11020
484	1	11026
485	9	5643, 6332, 14559, 14560, 14561, 16271, 16743, 16828, 17047
486	3	6026, 11036, 14451
487	2	11037, 14575
488	2	12795, 14479
489	1	11043
490	2	7667, 11047
492	2	7637, 17059
493	1	8150
494	1	7705
495	5	7539, 12814, 15657, 15658, 15699
496	2	7564, 15820
497	2	4856, 14529
498	3	8155, 9437, 15682
499	1	7671
500	4	4057, 7519, 15639, 16747
501	1	7513
502	1	11051
503	1	12801
504	1	11062
505	1	11068
506	1	11073
507	2	12283, 15565
508	1	7660
509	3	9597, 13168, 16727
510	1	8167
511	2	7560, 16832
512	2	12129, 16954
513	1	12131
514	1	11094
515	1	11098
516	1	12802
517	1	12149
518	1	2606
519	2	12320, 15956
520	4	12314, 12318, 12692, 15792
521	1	11344
522	1	7321
523	1	11685
525	1	12345
527	1	12348
528	1	6352
529	1	3592
530	1	2598
531	1	12361
532	1	2035
533	1	12171
534	1	6764
535	1	12325
536	2	5359, 16288
537	1	12181
538	1	12328
539	9	848, 2054, 5357, 6055, 14927, 15739, 15753, 15781, 15827
540	4	4875, 6050, 9445, 12323
541	1	5610
542	1	6142
543	1	11914
544	1	11918
545	2	5450, 16694
546	1	4225
547	1	8004
548	1	8005
549	1	748
550	1	922
551	1	3844
552	1	12403
553	1	12205
554	1	4112
555	1	12402
556	1	9766
557	1	12475
559	3	11479, 12471, 16802
561	2	1, 2008
562	1	12486
564	1	12818
565	2	2711, 15054
566	1	4651
567	1	7841
568	1	12519
569	1	12482
570	1	2779
571	1	796
572	1	675
573	1	735
574	2	4877, 14531
575	1	8102
576	1	13876
577	1	11328
579	1	9454
580	1	367
581	1	1028
582	1	13879
583	1	13900
584	2	5934, 6581
585	2	663, 12849
586	1	13909
587	1	13924
591	1	16300
595	1	6755
598	2	923, 12184
616	1	10352
620	1	16752
623	8	5421, 15889, 15901, 15962, 15967, 15991, 16010, 16082
624	10	9050, 10637, 15878, 15890, 15895, 15920, 15931, 15947, 16004, 16029
625	4	15958, 15969, 15993, 16024
626	10	5681, 15873, 15915, 15925, 16011, 16012, 16020, 16030, 16040, 16055
627	13	16051, 16053, 16115, 16127, 16129, 16139, 16144, 16146, 16151, 16158, 16160, 16170, 16175
628	12	15892, 15898, 15923, 15938, 15952, 15961, 15984, 16001, 16016, 16026, 16047, 16089
629	2	1816, 2189
631	1	41
633	1	3040
635	6	16068, 16200, 16204, 16210, 16244, 16691
636	1	14530
637	7	15874, 15897, 15917, 15977, 16007, 16013, 16097
638	1	11701
639	2	11148, 14469
640	2	16207, 16246
641	2	15659, 17091
642	7	6191, 14554, 16148, 16149, 16154, 16290, 16838
643	3	12726, 16050, 16116
645	4	6445, 6455, 6498, 6499
646	2	13310, 13856
647	3	13262, 14484, 15542
648	2	6441, 16720
649	3	6446, 6448, 6571
650	2	16270, 16279
651	1	12900
652	3	6042, 14579, 15646
653	2	15887, 16059
654	4	15904, 15978, 16014, 16085
655	6	14434, 14443, 14542, 15541, 15640, 17090
656	2	16067, 16196
657	2	14487, 14585
658	2	16077, 16186
659	2	172, 5621
660	1	5076
661	2	9139, 13215
662	4	5644, 14459, 14546, 16734
663	1	5682
664	1	1715
665	2	3643, 12675
666	2	6567, 6568
667	3	6484, 6488, 6534
668	1	1010
669	1	12196
670	1	12399
671	3	15957, 15970, 15975
672	1	7594
675	1	1752
676	3	2942, 14916, 15736
677	1	14454
678	2	6786, 13596
679	1	10620
680	1	9859
681	2	173, 272
682	1	4901
683	1	10624
684	1	9769
687	4	6318, 16722, 16836, 17069
689	2	11982, 17038
690	1	6473
691	1	12199
692	2	6720, 12691
693	2	4143, 6447
694	1	5039
695	1	12415
696	2	4841, 11394
697	1	12831
698	2	16084, 16273
699	1	6359
700	2	15594, 15622
701	2	16052, 16060
702	1	10404
703	2	574, 15891
704	1	14586
705	1	14532
706	2	14481, 14513
707	1	15868
708	2	499, 14533
709	2	4158, 14521
710	1	14545
711	2	10129, 15568
712	4	6208, 13170, 14108, 15547
713	2	4240, 16242
714	1	4062
715	1	779
716	1	14486
717	2	15536, 15828
718	1	6929
719	1	16135
723	1	9497
724	1	4103
725	1	12527
728	1	6842
729	1	4861
730	1	1342
731	1	4983
732	1	8254
733	1	2908
734	1	7090
735	1	6886
736	2	6864, 11662
737	1	10837
738	1	226
740	1	10890
741	1	1540
742	1	12747
743	1	12264
744	1	1007
745	1	598
746	1	12275
750	1	11004
751	1	11045
753	1	12298
754	1	12299
755	1	2815
756	1	6545
757	1	6452
758	1	6459
759	1	6548
760	1	6474
761	1	6780
762	1	6482
763	1	3362
764	1	12363
765	1	6821
766	1	4379
767	1	6511
768	1	6505
769	1	6546
770	1	6513
771	1	6449
772	1	6494
773	1	6535
774	1	6883
775	1	6577
776	1	12209
778	1	2417
779	1	12472
780	1	12515
781	1	1126
783	2	16180, 16282
784	3	6354, 16122, 16739
785	1	15608
787	1	16056
788	1	15088
789	1	15798
790	1	6199
791	1	14445
792	1	14587
793	1	16157
794	1	15955
795	1	15896
796	1	15935
797	1	16035
798	1	4927
799	1	16034
800	1	15980
801	1	15986
802	1	15983
803	1	14129
804	1	15992
805	1	16019
806	1	16032
807	2	14564, 16833
808	2	14462, 16820
809	1	14473
810	5	14573, 16774, 16779, 16815, 16823
811	1	14471
812	1	15662
813	1	16199
814	1	6759
815	1	16239
816	1	16250
817	1	4274
818	1	16215
819	1	16112
820	1	1123
821	1	15178
822	1	797
823	1	747
824	1	4601
825	1	1135
826	1	14495
827	1	16224
828	1	16071
829	1	16078
830	1	16143
831	2	2450, 16114
832	1	16044
833	1	13179
834	1	16260
835	1	15680
846	1	16686
847	1	4863
848	1	9442
849	2	15571, 15579
850	1	1437
851	1	15713
852	3	3173, 6340, 15697
853	1	9789
855	1	15718
856	1	15701
858	1	6875
859	1	3818
860	1	17034
861	1	15730
862	5	854, 14819, 15734, 15744, 15841
863	1	15843
864	6	5760, 14890, 15840, 15848, 15852, 15927
865	1	15797
867	2	15769, 15775
869	3	14764, 15844, 15845
872	1	15928
874	1	15731
876	1	15795
878	1	15740
879	9	844, 5339, 14851, 14913, 15741, 15779, 15822, 15829, 15922
880	1	991
881	1	15899
883	1	9417
884	1	5294
885	1	703
886	2	5335, 15907
887	1	5373
888	1	15733
889	1	15750
890	1	5938
891	2	14791, 15044
892	5	6097, 15756, 15764, 15778, 15902
893	1	15790
896	1	15763
897	1	14868
899	1	15544
901	1	3462
902	1	15545
906	2	16717, 17083
907	1	4845
908	1	17048
909	3	16724, 16725, 16750
910	1	17051
911	2	17027, 17056
914	1	17062
915	2	7580, 16749
916	1	16766
917	1	16767
918	1	17068
920	1	16786
921	1	17075
923	1	16801
924	3	16791, 16797, 17085
925	1	16804
928	1	16830
934	2	12007, 16141
935	1	8571
936	2	16841, 16885
937	1	15647
938	1	15694
939	1	15811
941	1	6073
942	1	16295
943	2	15643, 15839
944	2	16705, 17042
945	1	17039
954	1	16165
955	1	16145
956	1	16156
957	1	16140
958	1	16131
959	1	16166
960	1	17140
961	1	2065
962	1	16960
963	1	16949
964	1	16927
965	1	16915
966	1	16907
967	1	8437
968	1	16862
969	1	15656
970	1	15864
971	1	7685
972	1	14714
973	1	15717
974	1	15804
975	1	15857
976	1	15706
977	1	15715
978	1	15704
979	1	15710
980	1	15692
981	1	17041
982	1	16702
983	1	16701
984	1	16699
985	1	3036
986	1	16697
987	1	17036
988	1	16692
989	1	16690
990	1	11038
991	0	